{
  "accuracy": 0.8127035830618893,
  "precision": 0.7934990439770554,
  "recall": 0.9834123222748815,
  "f1": 0.8783068783068783
}